entity_type,canonical_name,majority_declared_type,variant_count,variants,mention_count,n_documents
action,accept_joint_and_several_liability,Action,1,"[""accept_joint_and_several_liability""]",1,1
action,adopt_and_make_public_national_plan,Action,1,"[""adopt_and_make_public_national_plan""]",1,1
action,adopt_annual_work_plan,Action,1,"[""adopt_annual_work_plan""]",1,1
action,advise_on_avoiding_incompatibility,Action,1,"[""advise_on_avoiding_incompatibility""]",1,1
action,agree_on_conditions,Action,1,"[""agree_on_conditions""]",1,1
action,allocate_existing_resources,Action,1,"[""allocate_existing_resources""]",2,1
action,allocate_flexibility_instrument,Action,1,"[""allocate_flexibility_instrument""]",2,1
action,allocate_funds,Action,1,"[""allocate_funds""]",3,1
action,allocate_funding,Action,1,"[""allocate_funding""]",1,1
action,allocate_reallocated_resources,Action,1,"[""allocate_reallocated_resources""]",2,1
action,allow_alternative_use,Action,1,"[""allow_alternative_use""]",1,1
action,allow_audit,Action,1,"[""allow_audit""]",1,1
action,allow_use,Action,1,"[""allow_use""]",1,1
action,amend_annual_work_plan,Action,1,"[""amend_annual_work_plan""]",1,1
action,apply_contribution,Action,1,"[""apply_contribution""]",1,1
action,apply_data_protection_law,Action,1,"[""apply_data_protection_law""]",1,1
action,apply_for_egf,Action,1,"[""apply_for_egf""]",1,1
action,apply_for_fund,Action,1,"[""apply_for_fund""]",1,1
action,apply_for_mobilization,Action,1,"[""apply_for_mobilization""]",1,1
action,apply_from,Action,1,"[""apply_from""]",1,1
action,apply_fund,Action,1,"[""apply_fund""]",2,1
action,apply_fund_amount,Action,1,"[""apply_fund_amount""]",1,1
action,apply_license,Action,1,"[""apply_license""]",1,1
action,apply_non_binding_instrument,Action,1,"[""apply_non_binding_instrument""]",1,1
action,appoint_scientific_advisory_committee,Action,1,"[""appoint_scientific_advisory_committee""]",1,1
action,approve_participation,Action,1,"[""approve_participation""]",2,1
action,approve_work_plan,Action,1,"[""approve_work_plan""]",1,1
action,assess_soundness,Action,1,"[""assess_soundness""]",1,1
action,assess_soundness_of_financial_arrangements,Action,1,"[""assess_soundness_of_financial_arrangements""]",1,1
action,audit_contribution,Action,1,"[""audit_contribution""]",1,1
action,authorize_flexibility_instrument,Action,1,"[""authorize_flexibility_instrument""]",1,1
action,authorise_payment_appropriations,Action,1,"[""authorise_payment_appropriations""]",5,1
action,bear_costs,Action,1,"[""bear_costs""]",2,1
action,borrow_funds,Action,1,"[""borrow_funds""]",1,1
action,calculate_appropriations_amount,Action,1,"[""calculate_appropriations_amount""]",1,1
action,calculate_assistance_amount,Action,1,"[""calculate_assistance_amount""]",1,1
action,calculate_contribution_amount,Action,1,"[""calculate_contribution_amount""]",1,1
action,calculate_contribution_value,Action,1,"[""calculate_contribution_value""]",1,1
action,calculate_egf_amount,Action,1,"[""calculate_egf_amount""]",2,1
action,calculate_egf_contribution,Action,1,"[""calculate_egf_contribution""]",1,1
action,calculate_financial_contribution,Action,1,"[""calculate_financial_contribution""]",12,1
action,calculate_funding_amount,Action,1,"[""calculate_funding_amount""]",2,1
action,calculate_macro_financial_assistance_amount,Action,1,"[""calculate_macro_financial_assistance_amount""]",3,1
action,calculate_migration_costs,Action,1,"[""calculate_migration_costs""]",1,1
action,carry_out_borrowing_lending_operations,Action,1,"[""carry_out_borrowing_lending_operations""]",1,1
action,carry_out_checks,Action,1,"[""carry_out_checks""]",2,1
action,carry_out_checks_and_audits,Action,1,"[""carry_out_checks_and_audits""]",1,1
action,carry_out_ex_post_audits,Action,1,"[""carry_out_ex_post_audits""]",2,1
action,carry_out_investigations,Action,1,"[""carry_out_investigations""]",2,1
action,carry_out_refinancing_or_restructuring_operations,Action,1,"[""carry_out_refinancing_or_restructuring_operations""]",1,1
action,certify_contribution,Action,1,"[""certify_contribution""]",1,1
action,check_use_of_financing,Action,1,"[""check_use_of_financing""]",1,1
action,commit_and_pay,Action,1,"[""commit_and_pay""]",1,1
action,communicate,Action,1,"[""communicate""]",1,1
action,communicate_agreements,Action,1,"[""communicate_agreements""]",1,1
action,comply_with_commission_decisions,Action,1,"[""comply_with_commission_decisions""]",1,1
action,comply_with_financial_rules,Action,1,"[""comply_with_financial_rules""]",1,1
action,comply_with_international_law,Action,1,"[""comply_with_international_law""]",1,1
action,comply_with_multiannual_financial_framework,Action,1,"[""comply_with_multiannual_financial_framework""]",1,1
action,comply_with_reforms,Action,1,"[""comply_with_reforms""]",1,1
action,comply_with_union_policies,Action,1,"[""comply_with_union_policies""]",1,1
action,conclude_compliant_agreement,Action,1,"[""conclude_compliant_agreement""]",2,1
action,conduct_audit,Action,1,"[""conduct_audit""]",6,1
action,conduct_final_evaluation,Action,1,"[""conduct_final_evaluation""]",1,1
action,conduct_inspection,Action,1,"[""conduct_inspection""]",3,1
action,conduct_interim_evaluation,Action,1,"[""conduct_interim_evaluation""]",1,1
action,conduct_self_assessment,Action,1,"[""conduct_self_assessment""]",1,1
action,consider_recommendations,Action,1,"[""consider_recommendations""]",2,1
action,consult_stakeholders,Action,1,"[""consult_stakeholders""]",1,1
action,contribute_financially,Action,1,"[""contribute_financially""]",1,1
action,contribute_funds,Action,1,"[""contribute_funds""]",1,1
action,contribute_funding,Action,1,"[""contribute_funding""]",1,1
action,contribute_to_prima,Action,1,"[""contribute_to_prima""]",1,1
action,contribute_to_prima_partially,Action,1,"[""contribute_to_prima_partially""]",1,1
action,convene_meetings,Action,1,"[""convene_meetings""]",1,1
action,cooperate,Action,1,"[""cooperate""]",5,1
action,coordinate_activities,Action,1,"[""coordinate_activities""]",1,1
action,deliver_opinion_on_annual_report,Action,1,"[""deliver_opinion_on_annual_report""]",1,1
action,demonstrate_capacity,Action,1,"[""demonstrate_capacity""]",1,1
action,demonstrate_compliance,Action,1,"[""demonstrate_compliance""]",1,1
action,deploy_wireless_networks,Action,1,"[""deploy_wireless_networks""]",1,1
action,design_common_research_and_funding_strategies,Action,1,"[""design_common_research_and_funding_strategies""]",1,1
action,designate_entity,Action,1,"[""designate_entity""]",1,1
action,designate_year_as_cultural_year,Action,1,"[""designate_year_as_cultural_year""]",1,1
action,determine_financial_contribution,Action,1,"[""determine_financial_contribution""]",1,1
action,distribute_funds,Action,1,"[""distribute_funds""]",1,1
action,document_skills,Action,1,"[""document_skills""]",1,1
action,draw_attention_to_policy_objectives,Action,1,"[""draw_attention_to_policy_objectives""]",1,1
action,enhance_cultural_heritage,Action,1,"[""enhance_cultural_heritage""]",1,1
action,ensure_accessibility,Action,1,"[""ensure_accessibility""]",1,1
action,ensure_availability_and_quality,Action,1,"[""ensure_availability_and_quality""]",1,1
action,ensure_compliance_with_law,Action,1,"[""ensure_compliance_with_law""]",1,1
action,ensure_compliance_with_union_law,Action,1,"[""ensure_compliance_with_union_law""]",3,1
action,ensure_contribution,Action,1,"[""ensure_contribution""]",1,1
action,ensure_cross_border_coordination,Action,1,"[""ensure_cross_border_coordination""]",1,1
action,ensure_cultural_heritage_safeguarded,Action,1,"[""ensure_cultural_heritage_safeguarded""]",2,1
action,ensure_data_provision,Action,1,"[""ensure_data_provision""]",1,1
action,ensure_diversity_of_national_systems,Action,1,"[""ensure_diversity_of_national_systems""]",1,1
action,ensure_early_repayment,Action,1,"[""ensure_early_repayment""]",3,1
action,ensure_effective_implementation,Action,1,"[""ensure_effective_implementation""]",1,1
action,ensure_external_policy_alignment,Action,1,"[""ensure_external_policy_alignment""]",1,1
action,ensure_financial_interests,Action,1,"[""ensure_financial_interests""]",2,1
action,ensure_financial_procedures,Action,1,"[""ensure_financial_procedures""]",1,1
action,ensure_legal_and_substantial_compliance,Action,1,"[""ensure_legal_and_substantial_compliance""]",1,1
action,ensure_no_interference,Action,1,"[""ensure_no_interference""]",1,1
action,ensure_openness_and_transparency,Action,1,"[""ensure_openness_and_transparency""]",2,1
action,ensure_regulatory_predictability,Action,1,"[""ensure_regulatory_predictability""]",1,1
action,ensure_sufficient_spectrum,Action,1,"[""ensure_sufficient_spectrum""]",2,1
action,ensure_sustainable_provision,Action,1,"[""ensure_sustainable_provision""]",1,1
action,ensure_technical_migration,Action,1,"[""ensure_technical_migration""]",1,1
action,ensure_transparency,Action,1,"[""ensure_transparency""]",1,1
action,ensure_transparency_and_compatibility,Action,1,"[""ensure_transparency_and_compatibility""]",2,1
action,establish,Action,1,"[""establish""]",1,1
action,evaluate_decision,Action,1,"[""evaluate_decision""]",1,1
action,evaluate_macro_financial_assistance,Action,1,"[""evaluate_macro_financial_assistance""]",1,1
action,exchange_information,Action,1,"[""exchange_information""]",1,1
action,exchange_information_between_member_states_and_commission,Action,1,"[""exchange_information_between_member_states_and_commission""]",1,1
action,facilitate_collaboration,Action,1,"[""facilitate_collaboration""]",1,1
action,facilitate_joint_auctions,Action,1,"[""facilitate_joint_auctions""]",1,1
action,fulfill_commitment,Action,1,"[""fulfill_commitment""]",1,1
action,fulfill_conditions,Action,1,"[""fulfill_conditions""]",1,1
action,grant_access,Action,1,"[""grant_access""]",2,1
action,guarantee_confidentiality,Action,1,"[""guarantee_confidentiality""]",1,1
action,highlight_symbolic_events,Action,1,"[""highlight_symbolic_events""]",2,1
action,implement_actions,Action,1,"[""implement_actions""]",1,1
action,implement_and_monitor,Action,1,"[""implement_and_monitor""]",1,1
action,implement_annual_work_plan,Action,1,"[""implement_annual_work_plan""]",1,1
action,implement_association_agreement,Action,1,"[""implement_association_agreement""]",1,1
action,implement_commitments,Action,1,"[""implement_commitments""]",1,1
action,implement_contribution,Action,1,"[""implement_contribution""]",1,1
action,implement_decision,Action,1,"[""implement_decision""]",1,1
action,implement_energy_security_measures,Action,1,"[""implement_energy_security_measures""]",1,1
action,implement_measures,Action,1,"[""implement_measures""]",1,1
action,implement_non_binding_instrument,Action,1,"[""implement_non_binding_instrument""]",2,1
action,implement_policy_programme,Action,1,"[""implement_policy_programme""]",2,1
action,implement_prima,Action,1,"[""implement_prima""]",3,1
action,implement_recommendations,Action,1,"[""implement_recommendations""]",1,1
action,implement_reforms,Action,1,"[""implement_reforms""]",1,1
action,implement_reform_path,Action,1,"[""implement_reform_path""]",1,1
action,include_early_repayment_clause,Action,1,"[""include_early_repayment_clause""]",1,1
action,include_information_in_reports,Action,1,"[""include_information_in_reports""]",1,1
action,include_provisions,Action,1,"[""include_provisions""]",1,1
action,increase_visibility,Action,1,"[""increase_visibility""]",1,1
action,inform,Action,1,"[""inform""]",1,1
action,inform_commission,Action,1,"[""inform_commission""]",4,1
action,inform_commission_of_intention,Action,1,"[""inform_commission_of_intention""]",1,1
action,inform_member_state,Action,1,"[""inform_member_state""]",2,1
action,inform_member_state_doubts,Action,1,"[""inform_member_state_doubts""]",1,1
action,inform_member_state_of_doubts,Action,1,"[""inform_member_state_of_doubts""]",1,1
action,inform_other_member_states,Action,1,"[""inform_other_member_states""]",1,1
action,inform_parliament,Action,1,"[""inform_parliament""]",2,1
action,inform_parliament_and_council,Action,1,"[""inform_parliament_and_council""]",8,1
action,issue_europass_supplement,Action,1,"[""issue_europass_supplement""]",1,1
action,issue_supplement,Action,1,"[""issue_supplement""]",1,1
action,join_prima,Action,1,"[""join_prima""]",1,1
action,keep_informed_of_progress,Action,1,"[""keep_informed_of_progress""]",1,1
action,label_or_co_label_activity,Action,1,"[""label_or_co_label_activity""]",1,1
action,liaise_with_commission,Action,1,"[""liaise_with_commission""]",1,1
action,loan,Action,1,"[""loan""]",1,1
action,maintain_cultural_heritage_site,Action,1,"[""maintain_cultural_heritage_site""]",1,1
action,maintain_platform,Action,1,"[""maintain_platform""]",1,1
action,make_contributions,Action,1,"[""make_contributions""]",1,1
action,make_information_available,Action,1,"[""make_information_available""]",1,1
action,make_information_public,Action,1,"[""make_information_public""]",1,1
action,make_solidarity_fund_payment,Action,1,"[""make_solidarity_fund_payment""]",1,1
action,manage_europass_platform,Action,1,"[""manage_europass_platform""]",1,1
action,manage_financial_contributions,Action,1,"[""manage_financial_contributions""]",1,1
action,manage_fund,Action,1,"[""manage_fund""]",2,1
action,mobilize,Action,1,"[""mobilize""]",4,1
action,mobilize_egf,Action,1,"[""mobilize_egf""]",14,1
action,mobilise_flexibility_instrument,Action,1,"[""mobilise_flexibility_instrument""]",2,1
action,mobilize_fund,Action,1,"[""mobilize_fund""]",9,1
action,monitor_and_report,Action,1,"[""monitor_and_report""]",2,1
action,monitor_contribution,Action,1,"[""monitor_contribution""]",1,1
action,monitor_democratic_mechanisms,Action,1,"[""monitor_democratic_mechanisms""]",1,1
action,monitor_precondition_and_objectives,Action,1,"[""monitor_precondition_and_objectives""]",1,1
action,monitor_preconditions_and_objectives,Action,1,"[""monitor_preconditions_and_objectives""]",3,1
action,monitor_work,Action,1,"[""monitor_work""]",1,1
action,negotiate_conditions,Action,1,"[""negotiate_conditions""]",2,1
action,negotiate_macro_financial_assistance_conditions,Action,1,"[""negotiate_macro_financial_assistance_conditions""]",1,1
action,notify_draft_agreement,Action,1,"[""notify_draft_agreement""]",1,1
action,notify_intergovernmental_agreement,Action,1,"[""notify_intergovernmental_agreement""]",4,1
action,notify_member_states,Action,1,"[""notify_member_states""]",1,1
action,notify_member_states_existing,Action,1,"[""notify_member_states_existing""]",2,1
action,notify_to_commission,Action,1,"[""notify_to_commission""]",1,1
action,on_lend,Action,1,"[""on_lend""]",1,1
action,organize_and_use_spectrum,Action,1,"[""organize_and_use_spectrum""]",1,1
action,participate_as_observer,Action,1,"[""participate_as_observer""]",1,1
action,participate_in_prima,Action,1,"[""participate_in_prima""]",1,1
action,participation_in_participating_state,Action,1,"[""participation_in_participating_state""]",1,1
action,perform_audits,Action,1,"[""perform_audits""]",1,1
action,perform_document_audits,Action,1,"[""perform_document_audits""]",1,1
action,perform_on_the_spot_audits,Action,1,"[""perform_on_the_spot_audits""]",1,1
action,perform_operational_assessments,Action,1,"[""perform_operational_assessments""]",1,1
action,pooling_financial_and_intellectual_resources,Action,1,"[""pooling_financial_and_intellectual_resources""]",1,1
action,preserve_cultural_heritage,Action,1,"[""preserve_cultural_heritage""]",2,1
action,prevent_and_fight_irregularities,Action,1,"[""prevent_and_fight_irregularities""]",1,1
action,prevent_effective_control,Action,1,"[""prevent_effective_control""]",1,1
action,produce_report,Action,1,"[""produce_report""]",1,1
action,promote,Action,1,"[""promote""]",5,1
action,promote_cooperation,Action,1,"[""promote_cooperation""]",1,1
action,promote_cultural_expression,Action,1,"[""promote_cultural_expression""]",1,1
action,promote_cultural_heritage,Action,1,"[""promote_cultural_heritage""]",2,1
action,protect_financial_interests,Action,1,"[""protect_financial_interests""]",1,1
action,provide_advice_on_avoid_incompatibility,Action,1,"[""provide_advice_on_avoid_incompatibility""]",3,1
action,provide_analysis,Action,1,"[""provide_analysis""]",1,1
action,provide_assistance,Action,1,"[""provide_assistance""]",9,1
action,provide_documents,Action,1,"[""provide_documents""]",2,1
action,provide_employment_decision_tool,Action,1,"[""provide_employment_decision_tool""]",1,1
action,provide_financial_contribution,Action,1,"[""provide_financial_contribution""]",8,1
action,provide_financial_guarantee,Action,1,"[""provide_financial_guarantee""]",2,1
action,provide_financial_support,Action,1,"[""provide_financial_support""]",2,1
action,provide_funding,Action,1,"[""provide_funding""]",4,1
action,provide_grants,Action,1,"[""provide_grants""]",1,1
action,provide_guidance,Action,1,"[""provide_guidance""]",2,1
action,provide_immediate_external_financing,Action,1,"[""provide_immediate_external_financing""]",1,1
action,provide_information,Action,1,"[""provide_information""]",1,1
action,provide_loans_and_grants,Action,1,"[""provide_loans_and_grants""]",1,1
action,provide_macro_financial_assistance,Action,1,"[""provide_macro_financial_assistance""]",7,1
action,provide_skill_assessment_tool,Action,1,"[""provide_skill_assessment_tool""]",1,1
action,provide_skill_documentation_tool,Action,1,"[""provide_skill_documentation_tool""]",1,1
action,provide_summary,Action,1,"[""provide_summary""]",1,1
action,provide_support,Action,1,"[""provide_support""]",18,1
action,provide_support_to_workers,Action,1,"[""provide_support_to_workers""]",1,1
action,provide_technical_assistance,Action,1,"[""provide_technical_assistance""]",1,1
action,provide_validation_information_access,Action,1,"[""provide_validation_information_access""]",1,1
action,publish_calls,Action,1,"[""publish_calls""]",1,1
action,publish_proposals,Action,1,"[""publish_proposals""]",1,1
action,receive_funding,Action,1,"[""receive_funding""]",1,1
action,reduce_amount_of_assistance,Action,1,"[""reduce_amount_of_assistance""]",1,1
action,reduce_assistance,Action,1,"[""reduce_assistance""]",1,1
action,reduce_assistance_amount,Action,1,"[""reduce_assistance_amount""]",1,1
action,reduce_union_contribution,Action,1,"[""reduce_union_contribution""]",1,1
action,refinance_initial_borrowings,Action,1,"[""refinance_initial_borrowings""]",1,1
action,refinance_or_restructure,Action,1,"[""refinance_or_restructure""]",1,1
action,reimburse_administrative_costs,Action,1,"[""reimburse_administrative_costs""]",1,1
action,reimburse_administrative_costs_2017,Action,1,"[""reimburse_administrative_costs_2017""]",1,1
action,reintegration_assistance,Action,1,"[""reintegration_assistance""]",2,1
action,reintegration_into_labour_market,Action,1,"[""reintegration_into_labour_market""]",2,1
action,release_instalment,Action,1,"[""release_instalment""]",5,1
action,release_macro_financial_assistance,Action,1,"[""release_macro_financial_assistance""]",2,1
action,report_participating_states,Action,1,"[""report_participating_states""]",1,1
action,report_to_council,Action,1,"[""report_to_council""]",1,1
action,report_to_european_parliament,Action,1,"[""report_to_european_parliament""]",1,1
action,request_participation_as_observer,Action,1,"[""request_participation_as_observer""]",1,1
action,respect_democratic_mechanisms,Action,1,"[""respect_democratic_mechanisms""]",5,1
action,respect_democratic_mechanisms_and_law,Action,1,"[""respect_democratic_mechanisms_and_law""]",2,1
action,respect_fundamental_rights,Action,1,"[""respect_fundamental_rights""]",1,1
action,reuse_platform,Action,1,"[""reuse_platform""]",2,1
action,review_application,Action,1,"[""review_application""]",3,1
action,review_scientific_and_technical_aspects,Action,1,"[""review_scientific_and_technical_aspects""]",1,1
action,select_proposal,Action,1,"[""select_proposal""]",2,1
action,self_assessment,Action,1,"[""self_assessment""]",1,1
action,set_out_in_annual_work_plan,Action,1,"[""set_out_in_annual_work_plan""]",1,1
action,strengthen_efficiency_transparency_accountability,Action,1,"[""strengthen_efficiency_transparency_accountability""]",1,1
action,strengthen_governance,Action,1,"[""strengthen_governance""]",1,1
action,submit_analysis_to_committee,Action,1,"[""submit_analysis_to_committee""]",1,1
action,submit_application,Action,1,"[""submit_application""]",3,1
action,submit_ex_post_evaluation,Action,1,"[""submit_ex_post_evaluation""]",1,1
action,submit_ex_post_evaluation_report,Action,1,"[""submit_ex_post_evaluation_report""]",1,1
action,submit_report,Action,1,"[""submit_report""]",2,1
action,support,Action,1,"[""support""]",3,1
action,support_economic_stabilisation,Action,1,"[""support_economic_stabilisation""]",2,1
action,support_redundancy_reintegration,Action,1,"[""support_redundancy_reintegration""]",1,1
action,support_restoration_external_financing,Action,1,"[""support_restoration_external_financing""]",1,1
action,support_workers,Action,1,"[""support_workers""]",1,1
action,suspend_or_cancel_disbursement,Action,1,"[""suspend_or_cancel_disbursement""]",2,1
action,suspend_or_cancel_macro_financial_assistance,Action,1,"[""suspend_or_cancel_macro_financial_assistance""]",1,1
action,suspend_union_contribution,Action,1,"[""suspend_union_contribution""]",1,1
action,take_account,Action,1,"[""take_account""]",1,1
action,take_account_of_opinion,Action,1,"[""take_account_of_opinion""]",1,1
action,take_legal_action,Action,1,"[""take_legal_action""]",1,1
action,take_measures_to_prevent_fraud_corruption,Action,1,"[""take_measures_to_prevent_fraud_corruption""]",2,1
action,take_necessary_steps,Action,1,"[""take_necessary_steps""]",1,1
action,take_steps_to_eliminate_incompatibility,Action,1,"[""take_steps_to_eliminate_incompatibility""]",1,1
action,terminate_contribute,Action,1,"[""terminate_contribute""]",1,1
action,terminate_union_contribution,Action,1,"[""terminate_union_contribution""]",3,1
action,transfer_funds,Action,1,"[""transfer_funds""]",1,1
action,upgrade_equipment,Action,1,"[""upgrade_equipment""]",1,1
action,use,Action,1,"[""use""]",2,1
action,use_700_mhz_band,Action,1,"[""use_700_mhz_band""]",3,1
action,use_700_mhz_frequency_band,Action,1,"[""use_700_mhz_frequency_band""]",1,1
action,use_activity,Action,1,"[""use_activity""]",1,1
action,use_advisory_procedure_for_memorandum_of_understanding,Action,1,"[""use_advisory_procedure_for_memorandum_of_understanding""]",1,1
action,use_advisory_procedure_for_operations_above_90_million,Action,1,"[""use_advisory_procedure_for_operations_above_90_million""]",1,1
action,use_advisory_procedure_for_reduction_suspension_or_cancellation_of_assistance,Action,1,"[""use_advisory_procedure_for_reduction_suspension_or_cancellation_of_assistance""]",1,1
action,use_cultural_asset,Action,1,"[""use_cultural_asset""]",1,1
action,use_cultural_heritage_asset,Action,1,"[""use_cultural_heritage_asset""]",1,1
action,use_cultural_heritage_site,Action,1,"[""use_cultural_heritage_site""]",1,1
action,use_decision,Action,1,"[""use_decision""]",1,1
action,use_digital_spectrum,Action,1,"[""use_digital_spectrum""]",1,1
action,use_egf,Action,1,"[""use_egf""]",3,1
action,use_egf_for_technical_assistance,Action,1,"[""use_egf_for_technical_assistance""]",2,1
action,use_egf_funds,Action,1,"[""use_egf_funds""]",2,1
action,use_eures_services,Action,1,"[""use_eures_services""]",1,1
action,use_europass_assets,Action,1,"[""use_europass_assets""]",2,1
action,use_europass_framework,Action,1,"[""use_europass_framework""]",3,1
action,use_europass_platform,Action,1,"[""use_europass_platform""]",1,1
action,use_europass_tools,Action,1,"[""use_europass_tools""]",1,1
action,use_examination_procedure_for_operations_above_45_million,Action,1,"[""use_examination_procedure_for_operations_above_45_million""]",1,1
action,use_financial_rules,Action,1,"[""use_financial_rules""]",1,1
action,use_flexibility_instrument,Action,1,"[""use_flexibility_instrument""]",13,1
action,use_fund,Action,1,"[""use_fund""]",3,1
action,use_fund_amount,Action,1,"[""use_fund_amount""]",1,1
action,use_information,Action,1,"[""use_information""]",1,1
action,use_model_clause,Action,1,"[""use_model_clause""]",2,1
action,use_platform,Action,1,"[""use_platform""]",1,1
action,use_prima,Action,1,"[""use_prima""]",1,1
action,use_solidarity_fund,Action,1,"[""use_solidarity_fund""]",2,1
action,use_tool,Action,1,"[""use_tool""]",1,1
action,verify_conditions,Action,1,"[""verify_conditions""]",3,1
action,verify_contribution,Action,1,"[""verify_contribution""]",1,1
action,work_closely_together,Action,1,"[""work_closely_together""]",1,1
class,Agreement,Legal_extension,1,"[""Agreement""]",1,1
class,AnnualBudget,Asset,1,"[""AnnualBudget""]",1,1
class,Application,Legal_extension,1,"[""Application""]",4,1
class,Appropriation,Legal_extension,1,"[""Appropriation""]",1,1
class,Arrangements,Legal_extension,1,"[""Arrangements""]",1,1
class,AssessmentRequirement,Legal_extension,1,"[""AssessmentRequirement""]",1,1
class,Assignee,Party,1,"[""Assignee""]",9,1
class,Assignor,Party,1,"[""Assignor""]",1,1
class,AuditDuty,Legal_extension,1,"[""AuditDuty""]",1,1
class,AuditDutyTarget,Legal_extension,1,"[""AuditDutyTarget""]",1,1
class,AuditPermission,Legal_extension,1,"[""AuditPermission""]",1,1
class,AuditPermissionTarget,Legal_extension,1,"[""AuditPermissionTarget""]",1,1
class,Authority,Party,1,"[""Authority""]",2,1
class,Authorization,Legal_extension,1,"[""Authorization""]",2,1
class,Belgium,Party,1,"[""Belgium""]",2,1
class,BroadcastingFrequencyBand,Asset,1,"[""BroadcastingFrequencyBand""]",1,1
class,BroadcastingFrequencyUse,Asset,1,"[""BroadcastingFrequencyUse""]",1,1
class,Bulgaria,Party,1,"[""Bulgaria""]",1,1
class,CivilApplication,Legal_extension,1,"[""CivilApplication""]",1,1
class,CivilSocietyOrganizations,Legal_extension,1,"[""CivilSocietyOrganizations""]",1,1
class,CommissionDecisionHolder,Party,1,"[""CommissionDecisionHolder""]",1,1
class,CommitteeOfTheRegions,Party,1,"[""CommitteeOfTheRegions""]",1,1
class,Contractor,Party,1,"[""Contractor""]",1,1
class,Contribution,Asset,1,"[""Contribution""]",2,1
class,CooperationAgreement,Party,1,"[""CooperationAgreement""]",1,1
class,Council,Party,1,"[""Council""]",12,1
class,Court_of_Auditors,Party,1,"[""Court_of_Auditors""]",1,1
class,CulturalHeritage,Party,1,"[""CulturalHeritage""]",6,1
class,CulturalHeritageAction,Legal_extension,1,"[""CulturalHeritageAction""]",2,1
class,CulturalHeritageFunding,Asset,1,"[""CulturalHeritageFunding""]",1,1
class,CulturalHeritageManagementAuthority,Party,1,"[""CulturalHeritageManagementAuthority""]",1,1
class,CulturalHeritagePolicy,Party,1,"[""CulturalHeritagePolicy""]",1,1
class,CulturalHeritageProtection,Legal_extension,1,"[""CulturalHeritageProtection""]",1,1
class,CulturalHeritageSector,Party,1,"[""CulturalHeritageSector""]",1,1
class,CulturalHeritageSite,Asset,1,"[""CulturalHeritageSite""]",1,1
class,Cyprus,Legal_extension,1,"[""Cyprus""]",1,1
class,Cyprus_Government,Party,1,"[""Cyprus_Government""]",1,1
class,Cyprus_Territory,Asset,1,"[""Cyprus_Territory""]",1,1
class,Decision,Asset,1,"[""Decision""]",15,1
class,DigitalBroadcastingRoadmap,Asset,1,"[""DigitalBroadcastingRoadmap""]",1,1
class,DigitalCommunication,Party,1,"[""DigitalCommunication""]",2,1
class,Digital_Spectrum,Asset,1,"[""Digital_Spectrum""]",1,1
class,Draft_Intergovernmental_Agreement_or_Amendment,Asset,1,"[""Draft_Intergovernmental_Agreement_or_Amendment""]",1,1
class,DTT_and_PMSE_Sectors,Legal_extension,1,"[""DTT_and_PMSE_Sectors""]",1,1
class,DTT_and_PMSE_users,Legal_extension,1,"[""DTT_and_PMSE_users""]",1,1
class,Earthquake,Legal_extension,1,"[""Earthquake""]",1,1
class,EFSD,Asset,1,"[""EFSD""]",1,1
class,EGF,Party,1,"[""EGF""]",18,1
class,EGF_Mobilization,Asset,1,"[""EGF_Mobilization""]",22,1
class,EGF_Mobilization_Applicant,Party,1,"[""EGF_Mobilization_Applicant""]",1,1
class,EGF_Mobilisation_Decision,Asset,1,"[""EGF_Mobilisation_Decision""]",4,1
class,ElectoralSystemChanges,Legal_extension,1,"[""ElectoralSystemChanges""]",1,1
class,ElectronicCommunicationNetwork,Asset,1,"[""ElectronicCommunicationNetwork""]",1,1
class,ElectronicCommunicationNetworkOperator,Party,1,"[""ElectronicCommunicationNetworkOperator""]",1,1
class,ElectronicCommunicationService,Legal_extension,1,"[""ElectronicCommunicationService""]",1,1
class,ElectronicCommunicationServiceProvider,Legal_extension,1,"[""ElectronicCommunicationServiceProvider""]",1,1
class,EmploymentDecisionTool,Legal_extension,1,"[""EmploymentDecisionTool""]",1,1
class,EmploymentDecisionTool_Access,Legal_extension,1,"[""EmploymentDecisionTool_Access""]",1,1
class,EndUser,Party,1,"[""EndUser""]",1,1
class,EnergyDecision,Asset,1,"[""EnergyDecision""]",1,1
class,EnergyUnionAgreement,Party,1,"[""EnergyUnionAgreement""]",1,1
class,EnergyUnionStrategy,Party,1,"[""EnergyUnionStrategy""]",1,1
class,EU_authority,Party,1,"[""EU_authority""]",1,1
class,EU_Financial_Regulation,Party,1,"[""EU_Financial_Regulation""]",1,1
class,Europass,Asset,1,"[""Europass""]",2,1
class,EuropassFramework,Asset,1,"[""EuropassFramework""]",3,1
class,Europass_Platform,Asset,1,"[""Europass_Platform""]",2,1
class,EuropassTool,Asset,1,"[""EuropassTool""]",1,1
class,EuropassUser,Party,1,"[""EuropassUser""]",1,1
class,European_Commission,Party,1,"[""European_Commission""]",36,1
class,European_Council,Party,1,"[""European_Council""]",1,1
class,European_External_Action_Service,Party,1,"[""European_External_Action_Service""]",2,1
class,EuropeanFundForSustainableDevelopmentGuaranteeFund,Legal_extension,1,"[""EuropeanFundForSustainableDevelopmentGuaranteeFund""]",1,1
class,EuropeanInstitution,Party,1,"[""EuropeanInstitution""]",2,1
class,EuropeanNeighbourhoodCountries,Legal_extension,1,"[""EuropeanNeighbourhoodCountries""]",1,1
class,European_Parliament,Party,1,"[""European_Parliament""]",12,1
class,European_Union,Party,1,"[""European_Union""]",24,1
class,EuropeanYear,Asset,1,"[""EuropeanYear""]",1,1
class,European_Year_Coordination,Asset,1,"[""European_Year_Coordination""]",1,1
class,European_Year_Participants,Legal_extension,1,"[""European_Year_Participants""]",1,1
class,FinancialAssistance,Asset,1,"[""FinancialAssistance""]",1,1
class,FinancialContribution,Legal_extension,1,"[""FinancialContribution""]",1,1
class,FinancialGuarantor,Party,1,"[""FinancialGuarantor""]",1,1
class,FinancialManagement,Legal_extension,1,"[""FinancialManagement""]",1,1
class,Financial_service_activities,Legal_extension,1,"[""Financial_service_activities""]",1,1
class,financial_year,Legal_extension,1,"[""financial_year""]",1,1
class,Finland,Party,1,"[""Finland""]",3,1
class,FlexibilityInstrument,Asset,1,"[""FlexibilityInstrument""]",5,1
class,France,Party,1,"[""France""]",3,1
class,FundamentalRightsHolder,Party,1,"[""FundamentalRightsHolder""]",1,1
class,FundedActions,Legal_extension,1,"[""FundedActions""]",1,1
class,FundingRecipient,Party,1,"[""FundingRecipient""]",1,1
class,Georgia,Party,1,"[""Georgia""]",4,1
class,Georgia_Economic_Stabilization_Policy,Legal_extension,1,"[""Georgia_Economic_Stabilization_Policy""]",1,1
class,Germany,Party,1,"[""Germany""]",2,1
class,GrantBeneficiary,Asset,1,"[""GrantBeneficiary""]",1,1
class,Grant_Decision,Asset,1,"[""Grant_Decision""]",1,1
class,Greece,Party,1,"[""Greece""]",6,1
class,GuidanceFramework,Legal_extension,1,"[""GuidanceFramework""]",1,1
class,IMF,Legal_extension,1,"[""IMF""]",1,1
class,ImplementationStructure,Asset,1,"[""ImplementationStructure""]",1,1
class,Independent_Experts,Legal_extension,1,"[""Independent_Experts""]",1,1
class,Individual,Party,1,"[""Individual""]",2,1
class,InterGovernmentalAgreement,Asset,1,"[""InterGovernmentalAgreement""]",6,1
class,InternationalCooperation,Legal_extension,1,"[""InternationalCooperation""]",1,1
class,InternationalPartners,Legal_extension,1,"[""InternationalPartners""]",1,1
class,Italy,Party,1,"[""Italy""]",3,1
class,Joint_Auctions,Asset,1,"[""Joint_Auctions""]",1,1
class,KeyProgramme,Legal_extension,1,"[""KeyProgramme""]",1,1
class,Latvia,Legal_extension,1,"[""Latvia""]",1,1
class,LegalAgreement,Asset,1,"[""LegalAgreement""]",2,1
class,LegalFramework,Asset,1,"[""LegalFramework""]",5,1
class,LegalInstrument,Legal_extension,1,"[""LegalInstrument""]",11,1
class,LegalObligationHolder,Party,1,"[""LegalObligationHolder""]",1,1
class,Lithuania,Party,1,"[""Lithuania""]",1,1
class,MacroFinancialAssistance,Asset,1,"[""MacroFinancialAssistance""]",31,1
class,MacroFinancialAssistanceCommittee,Party,1,"[""MacroFinancialAssistanceCommittee""]",1,1
class,MacroFinancialAssistanceDecision,Asset,1,"[""MacroFinancialAssistanceDecision""]",3,1
class,MacroFinancialAssistanceGrant,Legal_extension,1,"[""MacroFinancialAssistanceGrant""]",1,1
class,MacroFinancialAssistanceLoan,Legal_extension,1,"[""MacroFinancialAssistanceLoan""]",1,1
class,Mediterranean,Legal_extension,1,"[""Mediterranean""]",1,1
class,Member_State,Party,1,"[""Member_State""]",24,1
class,MemberStateAction,Party,1,"[""MemberStateAction""]",1,1
class,MemberStateCommittee,Party,1,"[""MemberStateCommittee""]",1,1
class,Migration_Flexibility_Instrument,Asset,1,"[""Migration_Flexibility_Instrument""]",1,1
class,MigrationMeasures,Asset,1,"[""MigrationMeasures""]",3,1
class,MigrationPolicyHolder,Legal_extension,1,"[""MigrationPolicyHolder""]",1,1
class,Mining_of_coal_and_lignite,Legal_extension,1,"[""Mining_of_coal_and_lignite""]",1,1
class,Mobile_Virtual_Network_Operators,Legal_extension,1,"[""Mobile_Virtual_Network_Operators""]",1,1
class,ModelClause,Legal_extension,1,"[""ModelClause""]",1,1
class,MoldovaMacroFinancialAssistance,Asset,1,"[""MoldovaMacroFinancialAssistance""]",1,1
class,Moldova_Reform_Roadmap,Legal_extension,1,"[""Moldova_Reform_Roadmap""]",1,1
class,Multilateral_Institutions,Party,1,"[""Multilateral_Institutions""]",1,1
class,NationalBankOfMoldova,Party,1,"[""NationalBankOfMoldova""]",2,1
class,National_Coordinators,Party,1,"[""National_Coordinators""]",1,1
class,Netherlands,Party,1,"[""Netherlands""]",2,1
class,NonBindingInstrument,Asset,1,"[""NonBindingInstrument""]",2,1
class,Notification,Legal_extension,1,"[""Notification""]",1,1
class,Notification_Obligation,Legal_extension,1,"[""Notification_Obligation""]",1,1
class,NotificationProcedure,Legal_extension,1,"[""NotificationProcedure""]",1,1
class,NotificationRequirement,Legal_extension,1,"[""NotificationRequirement""]",1,1
class,OLAF,Party,1,"[""OLAF""]",2,1
class,Organisation,Party,1,"[""Organisation""]",1,1
class,OtherStakeholders,Party,1,"[""OtherStakeholders""]",1,1
class,Participants,Legal_extension,1,"[""Participants""]",1,1
class,ParticipatingState,Party,1,"[""ParticipatingState""]",4,1
class,Poland,Party,1,"[""Poland""]",1,1
class,PolicyDocument,Asset,1,"[""PolicyDocument""]",1,1
class,PolicyHolder,Legal_extension,1,"[""PolicyHolder""]",1,1
class,Portugal,Party,1,"[""Portugal""]",4,1
class,PRIMA,Party,1,"[""PRIMA""]",9,1
class,PRIMA_Activity,Asset,1,"[""PRIMA_Activity""]",1,1
class,PRIMA_Decision,Asset,1,"[""PRIMA_Decision""]",4,1
class,PRIMA_Financing_Contributor,Party,1,"[""PRIMA_Financing_Contributor""]",1,1
class,PRIMA_Financing_Organization,Asset,1,"[""PRIMA_Financing_Organization""]",1,1
class,PRIMA_Financing_Participant,Party,1,"[""PRIMA_Financing_Participant""]",1,1
class,PRIMA_Funding_Access,Party,1,"[""PRIMA_Funding_Access""]",2,1
class,PRIMA_Funding_Access_Assignee,Party,1,"[""PRIMA_Funding_Access_Assignee""]",1,1
class,PRIMA_Funding_Access_RightsHolder,Party,1,"[""PRIMA_Funding_Access_RightsHolder""]",1,1
class,PRIMA_Funding_Derogation,Legal_extension,1,"[""PRIMA_Funding_Derogation""]",1,1
class,PRIMA_Implementation_Structure,Asset,1,"[""PRIMA_Implementation_Structure""]",1,1
class,PRIMAIS,Party,1,"[""PRIMAIS""]",6,1
class,PRIMAISAction,Asset,1,"[""PRIMAISAction""]",1,1
class,PRIMAISBoardOfTrustees,Party,1,"[""PRIMAISBoardOfTrustees""]",1,1
class,PRIMAIS_Contract,Legal_extension,1,"[""PRIMAIS_Contract""]",1,1
class,PRIMAIS_Contribution,Asset,1,"[""PRIMAIS_Contribution""]",2,1
class,PRIMAIS_Funding_Action,Legal_extension,1,"[""PRIMAIS_Funding_Action""]",1,1
class,PRIMAIS_Funding_Administrative_Burden,Legal_extension,1,"[""PRIMAIS_Funding_Administrative_Burden""]",1,1
class,PRIMAIS_Funding_Monitoring,Legal_extension,1,"[""PRIMAIS_Funding_Monitoring""]",1,1
class,PRIMAISProposal,Legal_extension,1,"[""PRIMAISProposal""]",1,1
class,PRIMAISScientificAdvisoryCommittee,Party,1,"[""PRIMAISScientificAdvisoryCommittee""]",1,1
class,PRIMAISSecretariat,Legal_extension,1,"[""PRIMAISSecretariat""]",1,1
class,PRIMAISSteeringCommittee,Party,1,"[""PRIMAISSteeringCommittee""]",1,1
class,PRIMA_Participating_State,Party,1,"[""PRIMA_Participating_State""]",1,1
class,PRIMA_Participation,Party,1,"[""PRIMA_Participation""]",1,1
class,PRIMAProgramme,Asset,1,"[""PRIMAProgramme""]",1,1
class,PrivateActors,Legal_extension,1,"[""PrivateActors""]",1,1
class,Proposal,Asset,1,"[""Proposal""]",2,1
class,PublicAuthorities,Party,1,"[""PublicAuthorities""]",1,1
class,QualificationsFrameworks,Legal_extension,1,"[""QualificationsFrameworks""]",1,1
class,Regulation,Asset,1,"[""Regulation""]",5,1
class,RegulatoryAuthority,Party,1,"[""RegulatoryAuthority""]",1,1
class,Republic_of_Moldova,Party,1,"[""Republic_of_Moldova""]",4,1
class,ResearchAndInnovationAction,Asset,1,"[""ResearchAndInnovationAction""]",1,1
class,ResearchInnovationParties,Party,1,"[""ResearchInnovationParties""]",1,1
class,ScientificAdvisory,Party,1,"[""ScientificAdvisory""]",1,1
class,SkillAssessmentTool,Legal_extension,1,"[""SkillAssessmentTool""]",1,1
class,SkillAssessmentTool_Access,Legal_extension,1,"[""SkillAssessmentTool_Access""]",1,1
class,SkillDocumentationTool,Legal_extension,1,"[""SkillDocumentationTool""]",1,1
class,SkillDocumentationTool_Access,Legal_extension,1,"[""SkillDocumentationTool_Access""]",1,1
class,SkillFormationFramework,Legal_extension,1,"[""SkillFormationFramework""]",1,1
class,SkillsGaps,Legal_extension,1,"[""SkillsGaps""]",1,1
class,SolidarityFund,Party,1,"[""SolidarityFund""]",12,1
class,SolidarityFundApplication,Party,1,"[""SolidarityFundApplication""]",4,1
class,SolidarityFundContribution,Asset,1,"[""SolidarityFundContribution""]",1,1
class,SolidarityFundDecision,Legal_extension,1,"[""SolidarityFundDecision""]",1,1
class,SolidarityFundMobilization,Legal_extension,1,"[""SolidarityFundMobilization""]",3,1
class,SolidarityFundPayment,Legal_extension,1,"[""SolidarityFundPayment""]",1,1
class,Spain,Party,1,"[""Spain""]",5,1
class,Spectrum,Legal_extension,1,"[""Spectrum""]",2,1
class,SpectrumEfficiency,Asset,1,"[""SpectrumEfficiency""]",1,1
class,SpectrumResource,Legal_extension,1,"[""SpectrumResource""]",1,1
class,SpectrumUseDecision,Legal_extension,1,"[""SpectrumUseDecision""]",1,1
class,Stakeholder,Legal_extension,1,"[""Stakeholder""]",3,1
class,Sweden,Party,1,"[""Sweden""]",2,1
class,TechnicalAssistance,Legal_extension,1,"[""TechnicalAssistance""]",1,1
class,ThirdCountry,Legal_extension,1,"[""ThirdCountry""]",1,1
class,Trustees,Party,1,"[""Trustees""]",1,1
class,Ukraine,Party,1,"[""Ukraine""]",5,1
class,UkrainianAuthorities,Party,1,"[""UkrainianAuthorities""]",1,1
class,Union_financial_contribution,Party,1,"[""Union_financial_contribution""]",1,1
class,UnionFunds,Party,1,"[""UnionFunds""]",1,1
class,United_Kingdom,Legal_extension,1,"[""United_Kingdom""]",1,1
class,User,Party,1,"[""User""]",2,1
class,ValidationInformationAccess,Legal_extension,1,"[""ValidationInformationAccess""]",2,1
class,WirelessFrequencyBand,Asset,1,"[""WirelessFrequencyBand""]",1,1
class,WirelessFrequencyBandUse,Legal_extension,1,"[""WirelessFrequencyBandUse""]",1,1
class,WorkersAndSelfEmployedPersons,Legal_extension,1,"[""WorkersAndSelfEmployedPersons""]",1,1
